"Incident ID","Incident Date",State,"City Or County",Address,"# Victims Injured","# Victims Killed","# Subjects-Suspects Injured","# Subjects-Suspects Killed","# Subjects-Suspects Arrested",Operations
1944835,"March 4, 2021","New York",Buffalo,"Jefferson Ave and S Division St",0,0,0,0,0,N/A
1945250,"March 4, 2021",Missouri,"Kansas City (Raytown)","E 81st St and Elm Ave",1,0,0,0,0,N/A
1944867,"March 4, 2021",Pennsylvania,Trafford,"500 block of 5th St Ext",0,1,0,0,1,N/A
1945260,"March 4, 2021",Connecticut,"New Haven","50 block of Townsend St",2,0,0,0,0,N/A
1944821,"March 4, 2021",Tennessee,Chattanooga,"4500 block of N Access Rd",1,0,0,0,0,N/A
1945256,"March 4, 2021",Missouri,"Kansas City","3300 block of Montgall Ave",0,1,0,0,0,N/A
1945716,"March 4, 2021",Virginia,Mechanicsville,"8000 block of Bell Creek Rd",0,1,0,0,1,N/A
1944815,"March 4, 2021",Tennessee,Chattanooga,"3200 block of Through St",1,0,0,0,0,N/A
1944761,"March 4, 2021",Ohio,Cleveland,"3800 block of W 40th St",1,0,0,0,0,N/A
1944721,"March 4, 2021","New York","Staten Island","645 Wilson Ave",0,0,0,0,0,N/A
1945018,"March 4, 2021",Maryland,Baltimore,"2000 block of W Pratt St",0,1,0,0,0,N/A
1944730,"March 4, 2021","New York",Bronx,"2180 Wallace Ave",1,0,0,0,0,N/A
1944722,"March 4, 2021","New York",Bronx,"785 Courtlandt Ave",1,0,0,0,0,N/A
1944717,"March 4, 2021","New York",Brooklyn,"Crescent St and Linden Blvd",1,0,0,0,0,N/A
1946515,"March 4, 2021",Arkansas,Lowell,"100 block of N Michael St",0,0,0,0,1,N/A
1946415,"March 4, 2021",Texas,Euless,"13900 Trinity Blvd",1,0,0,0,0,N/A
1944961,"March 4, 2021",Virginia,Woodbridge,"16551 River Ridge Blvd",1,0,0,0,0,N/A
1944727,"March 4, 2021","New York","Staten Island","194 Bay St",0,1,0,0,1,N/A
1946458,"March 4, 2021",Virginia,Tappahannock,"705 Marsh St",0,1,0,0,1,N/A
1944670,"March 4, 2021",Virginia,Fredericksburg,"Heron Dr",1,0,0,0,0,N/A
1947129,"March 4, 2021",Pennsylvania,Philadelphia,"1000 block of Evarts St",0,0,0,0,1,N/A
1944659,"March 4, 2021",Florida,Tallahassee,"2800 block of Old St Augustine Rd",0,0,0,1,0,N/A
1944551,"March 4, 2021",Virginia,Hampton,"100 block of Spanish Trail",0,0,0,0,2,N/A
1944655,"March 4, 2021",Tennessee,Powell,"620 Edgemoor Rd",1,0,0,0,0,N/A
1945785,"March 4, 2021","New York",Brooklyn,"Bushwick Ave and Dekalb Ave",1,0,0,0,0,N/A
1945781,"March 4, 2021","New York","Corona (Queens)","41-01 12th St",0,0,0,0,0,N/A
1949619,"March 4, 2021",Georgia,Atlanta,"200 block of Wadley St",0,0,0,0,2,N/A
1944613,"March 4, 2021",Georgia,Atlanta,"445 Markham St SW",1,0,0,0,0,N/A
1945710,"March 4, 2021","South Carolina",Orangeburg,"Corina St",1,0,0,0,0,N/A
1944589,"March 4, 2021",Kentucky,Louisville,"1700 block of Baird St",1,0,0,0,0,N/A
1944587,"March 4, 2021",Florida,Miami,"1633 N Bayshore Dr",1,0,0,0,0,N/A
1944708,"March 4, 2021",California,"Beverly Hills","400 N Canon Dr",1,0,0,0,0,N/A
1944584,"March 4, 2021",Iowa,Davenport,"100 block of W 65th St",1,0,0,0,0,N/A
1944572,"March 4, 2021",Utah,Lehi,"700 Cedar Hollow Rd",0,0,0,0,0,N/A
1944574,"March 4, 2021",Georgia,Atlanta,"30 Ivan Allen Jr Blvd",0,0,0,0,0,N/A
2579414,"March 4, 2021",Georgia,Tifton,N/A,0,1,0,0,1,N/A
1947225,"March 4, 2021","New York",Freeport,"701 S Main St",0,1,0,0,1,N/A
1945683,"March 4, 2021",Texas,Houston,"754 Homer St",1,0,0,0,0,N/A
1945679,"March 4, 2021",Texas,Houston,"11300 block of Westheimer Rd",1,0,0,0,0,N/A
1945655,"March 4, 2021",Arizona,Scottsdale,"Loop 101 and Chaparral Rd",0,0,0,0,1,N/A
1944770,"March 4, 2021","New York",Jamesville,"4300 block of Apulia Rd",0,0,0,1,0,N/A
1945617,"March 4, 2021","South Carolina",Aiken,"232 E Pine Log Rd",0,0,0,0,1,N/A
1945574,"March 4, 2021",Texas,"Corpus Christi","Harbor Lights Dr",1,0,0,0,0,N/A
1944491,"March 4, 2021",Oklahoma,Tulsa,"7901 S Yale Ave",0,1,0,0,1,N/A
1946275,"March 4, 2021",Tennessee,"Tellico Plains","Hooper Rd",0,0,0,0,1,N/A
1944484,"March 4, 2021",Michigan,Roseville,"31831 Gratiot Ave",0,1,0,0,0,N/A
1945529,"March 4, 2021",Georgia,Savannah,"11910 White Bluff Rd",1,0,0,0,0,N/A
1944567,"March 4, 2021",Texas,"Fort Worth","3828 Altamesa Blvd",0,1,0,0,1,N/A
1946259,"March 4, 2021",Pennsylvania,Pittsburgh,"7200 block of Tioga St",1,0,0,0,0,N/A
1944806,"March 4, 2021",California,Sacramento,"Calvine Rd and Elk Grove Florin Rd",0,0,0,0,1,N/A
1945750,"March 4, 2021",Kentucky,Brandenburg,"181 Atwill St",0,1,0,0,1,N/A
1945502,"March 4, 2021",Georgia,Atlanta,"1739 Cheshire Bridge Rd",0,0,0,0,0,N/A
1944463,"March 4, 2021",Tennessee,Cordova,"295 Stafford Cir",0,1,0,1,0,N/A
1945474,"March 4, 2021",California,Oakland,"700 block of 31st St",1,0,0,0,0,N/A
1945463,"March 4, 2021",California,Oakland,"2400 block of 78th Ave",1,0,0,0,0,N/A
1978258,"March 4, 2021",Connecticut,Bridgeport,"East Ave",0,0,0,0,0,N/A
1945227,"March 4, 2021",Massachusetts,Boston,"1911 Dorchester Ave",1,0,0,0,0,N/A
1945103,"March 4, 2021",Florida,Pensacola,"7300 block of W Jackson St",0,0,1,0,5,N/A
1944507,"March 4, 2021","District of Columbia",Washington,"3900 Martin Luther King Jr Ave SW",5,0,0,0,0,N/A
1945437,"March 4, 2021","District of Columbia",Washington,"2nd St NE and Seaton Pl NE",0,0,0,0,1,N/A
1944405,"March 4, 2021",Missouri,"Saint Louis","911 Olive St",0,0,0,0,0,N/A
1944374,"March 4, 2021",Indiana,Carmel,"100 block of Meadow Ln",0,0,0,0,1,N/A
1944365,"March 4, 2021",Tennessee,Memphis,"N Claybrook St and Tutwiler Ave",1,0,0,0,0,N/A
1945405,"March 4, 2021",Michigan,Detroit,"13530 Lesure St",1,0,0,0,0,N/A
1945403,"March 4, 2021",Michigan,Detroit,"18400 block of Lumpkin St",1,0,0,0,0,N/A
1945396,"March 4, 2021",Michigan,Detroit,"9900 block of Piedmont St",0,1,0,0,0,N/A
1967228,"March 4, 2021","New York",Bronx,"Colgate Ave and Bruckner Blvd",1,0,0,0,0,N/A
1946141,"March 4, 2021",Wisconsin,Taylor,"W15824 Kelly Rd",0,0,0,0,1,N/A
1945376,"March 4, 2021",Michigan,Lansing,"2000 block of S Cedar St",1,0,1,0,0,N/A
1951076,"March 4, 2021","New Mexico",Shiprock,US-491,0,0,0,0,0,N/A
1945107,"March 4, 2021",Florida,Pensacola,"90 block of Garfield Dr",0,1,0,0,2,N/A
1945342,"March 4, 2021",Connecticut,Waterbury,"178 Willow St",0,0,0,0,3,N/A
1945511,"March 4, 2021",Georgia,Grovetown,"Chamblin Rd and Sawmill Trail",1,0,0,0,1,N/A
1945448,"March 4, 2021",Wisconsin,Milwaukee,"N 38th St and W Chambers St",0,1,0,0,0,N/A
1945327,"March 4, 2021",Pennsylvania,"Upper Darby","236 Powell Ln",2,0,0,0,0,N/A
1945314,"March 4, 2021",Pennsylvania,Philadelphia,"2000 block of Snyder Ave",1,0,0,0,0,N/A
1945296,"March 4, 2021",Michigan,Detroit,"4500 Block of Pennsylvania St",0,0,1,0,0,N/A
1945307,"March 4, 2021",Pennsylvania,Philadelphia,"2600 block of N 11th St",1,0,0,0,0,N/A
1945258,"March 4, 2021",Indiana,Gary,"W 15th Ave and Clark Rd",1,0,0,0,0,N/A
1945062,"March 4, 2021","South Carolina",Beaufort,"Centerview Dr",1,0,0,0,0,N/A
1944741,"March 4, 2021","New York",Bronx,"E 173rd St and Boston Rd",0,1,0,0,1,N/A
1944732,"March 4, 2021",Arkansas,"West Helena","100 block of Navajo St",0,1,1,0,0,N/A
1951014,"March 4, 2021",Arizona,Phoenix,"1625 W Buckeye Rd",0,1,0,0,0,N/A
1944993,"March 4, 2021","District of Columbia",Washington,"50 block of Sheridan St NE",1,0,0,0,2,N/A
1946768,"March 4, 2021",Indiana,Corydon,N/A,0,0,0,0,1,N/A
1944297,"March 4, 2021",Arizona,Glendale,"59th Ave and Grand Ave",1,0,1,0,0,N/A
1945020,"March 4, 2021",Maryland,Baltimore,"5100 block of Chalgrove Ave",0,1,0,0,1,N/A
1945202,"March 4, 2021",Texas,"San Antonio","Conner St and W Mitchell St",1,0,0,0,0,N/A
1944640,"March 4, 2021",Arizona,Tucson,"I-19 and Valencia Rd",0,1,0,0,1,N/A
1944253,"March 4, 2021",Kentucky,Lexington,"900 block of De Porres Ave",0,1,0,0,0,N/A
1945218,"March 4, 2021",Missouri,Florissant,"4855 Lockwig Trl",0,3,0,1,0,N/A
1945176,"March 4, 2021",Florida,Jacksonville,"8050 103rd St",1,0,0,0,0,N/A
1944220,"March 4, 2021",Connecticut,"New Haven","580 Dixwell Ave",0,0,0,0,0,N/A
1945166,"March 4, 2021",Massachusetts,Malden,"347 Pleasant St",2,0,0,0,0,N/A
1944172,"March 4, 2021",Illinois,Chicago,"13730 S Brainerd Ave",0,0,1,0,1,N/A
1945152,"March 4, 2021",Georgia,Columbus,"2900 block of N Lake Pkwy",0,1,0,0,0,N/A
1945148,"March 4, 2021",Illinois,Chicago,"800 block of W 70th St",2,0,0,0,0,N/A
1945145,"March 4, 2021","District of Columbia",Washington,"300 block of Kennedy St NW",0,0,0,0,0,N/A
1945143,"March 4, 2021",Massachusetts,Springfield,"700 block of Belmont Ave",1,0,0,0,0,N/A
1945135,"March 4, 2021",Illinois,Chicago,"100 block of W 95th St",1,0,0,0,0,N/A
1944992,"March 4, 2021","District of Columbia",Washington,"3700 block of 10th St NE",2,0,0,0,1,N/A
1945124,"March 4, 2021",Illinois,Chicago,"50 block of E 71st St",1,0,0,0,0,N/A
1945122,"March 4, 2021",California,"San Jose","2200 block of Alum Rock Ave",1,0,0,0,0,N/A
1944694,"March 4, 2021",Illinois,Chicago,"1600 block of N Kedzie Ave",1,0,0,0,0,N/A
1945119,"March 4, 2021","New York",Penfield,"Alpine Dr",1,0,0,0,0,N/A
1945109,"March 4, 2021",Illinois,Chicago,"6300 block of S Sacramento Ave",1,0,0,0,0,N/A
1945097,"March 4, 2021",Illinois,Chicago,"8900 block of S Cottage Grove Ave",1,0,0,0,0,N/A
1944700,"March 4, 2021",Illinois,Chicago,"6952 S Bishop St",1,0,0,0,0,N/A
1944157,"March 4, 2021",Texas,Eustace,"US-175 and FM 316",1,0,0,0,1,N/A
1946045,"March 4, 2021",Illinois,Rockford,"172 S Bell School Rd",2,0,0,0,0,N/A
1945094,"March 4, 2021",Illinois,Chicago,"11553 S Lafayette St",2,0,0,0,0,N/A
1946039,"March 4, 2021",Illinois,Springfield,"Fox Ct",1,0,0,0,0,N/A
1949970,"March 4, 2021",Texas,Hillsboro,"400 Old Brandon Rd",0,1,0,0,0,N/A
1945090,"March 4, 2021",Oregon,Portland,"N Houghton St and N Dwight Ave",0,0,0,0,0,N/A
1945084,"March 4, 2021",Oregon,Portland,"9500 block of N Calhoun Ave",1,0,0,0,0,N/A
1945088,"March 4, 2021",Oregon,Portland,"12300 block of NE Siskiyou St",0,0,0,0,0,N/A
1945087,"March 4, 2021",Oregon,Portland,"1200 block of SE 141st Ave",0,0,0,0,0,N/A
1945086,"March 4, 2021",Oregon,Portland,"NE Wygant St and NE 95th Ave",0,0,0,0,0,N/A
1945085,"March 4, 2021",Oregon,Portland,"NE Bryant St and NE Rodney Ave",0,0,0,0,0,N/A
1945083,"March 4, 2021",Oregon,Portland,"N Chicago Ave and N Central St",0,0,0,0,0,N/A
1945078,"March 4, 2021",Washington,Richland,"1000 block of Torbett St",0,0,0,0,1,N/A
1945064,"March 4, 2021","South Carolina",Ladson,"9919 US-78",0,0,0,0,0,N/A
1949920,"March 4, 2021",Alaska,Juneau,"3100 block of Bresee St",0,0,0,0,1,N/A
1945054,"March 4, 2021",Hawaii,"Captain Cook","Mamalahoa Hwy",0,0,0,0,1,N/A
1945981,"March 4, 2021",Alabama,Birmingham,"100 block of Wood Station Pl",0,1,0,0,2,N/A
1945918,"March 4, 2021",Oklahoma,"Oklahoma City (Warr Acres)","5107 N Hammond Ave",1,0,0,0,0,N/A
1944989,"March 4, 2021",Alabama,Millbrook,"4100 block of Abrams Dr",0,1,0,0,1,N/A
1944772,"March 4, 2021",Ohio,Hamilton,"7777 Wildbranch Rd",0,0,0,0,3,N/A
1945801,"March 4, 2021",Ohio,Youngstown,"3309 South Ave",1,1,0,0,0,N/A
1945028,"March 4, 2021",Alabama,Auburn,"1800 block of Old Wrightâ€™s Mill Rd",1,0,0,0,1,N/A
1944356,"March 4, 2021",Tennessee,Nashville,"Sylvan St and S 7th St",1,0,0,0,0,N/A
1947332,"March 4, 2021",Idaho,Caldwell,"Old Hwy 30 and Willis Rd",1,0,0,0,1,N/A
1944987,"March 4, 2021","New Jersey","Westwood (River Vale)","Central Ave",1,0,0,0,0,N/A
1944975,"March 4, 2021","New Jersey",Passaic,"19 Aspen Pl",1,0,0,0,0,N/A
1944874,"March 4, 2021",Louisiana,Metairie,"2900 block of Lake Villa Dr",0,1,0,0,0,N/A
1944963,"March 4, 2021",Pennsylvania,Lewistown,"400 block of Woodland Ave",1,0,0,0,1,N/A
1944950,"March 4, 2021",Pennsylvania,Harrisburg,"Evergreen St and Haehnlen St",1,0,0,0,0,N/A
1945972,"March 4, 2021",Pennsylvania,Hershey,"Sand Rd",0,0,0,0,1,N/A
1944787,"March 4, 2021",Virginia,Hampton,"600 block of Fairland Ave",2,0,0,0,0,N/A
1944930,"March 4, 2021",California,"San Francisco","50th block of Wiese St",1,0,0,0,0,N/A
1944926,"March 4, 2021",California,"San Ysidro","220 Sycamore Rd",1,0,0,0,0,N/A
1944899,"March 4, 2021",Kentucky,"Mount Vernon","Sand Hill Rd",1,0,0,0,0,N/A
1949860,"March 4, 2021",Louisiana,Lafayette,"200 block of Lacobie St",1,0,0,0,1,N/A
1944880,"March 4, 2021",Kentucky,Louisville,"Wallie Ann Ct and Harold Ave",1,0,0,0,0,N/A
1944549,"March 4, 2021",Virginia,Chesapeake,"2000 block of Plow Ln",1,0,0,0,0,N/A
1944852,"March 4, 2021",California,"San Diego",N/A,0,0,0,0,1,N/A
1943983,"March 3, 2021",Louisiana,Abbeville,"1300 block of Greene Ave",0,0,0,1,0,N/A
1943895,"March 3, 2021",Pennsylvania,Philadelphia,"5100 block of Haverford Ave",2,0,0,0,0,N/A
1965584,"March 3, 2021",Illinois,Woodstock,"1900 block of Sheila St",0,0,0,0,1,N/A
1944068,"March 3, 2021",Louisiana,"New Orleans","2200 block of N Claiborne Ave",0,1,0,0,0,N/A
1943770,"March 3, 2021",Oklahoma,Tulsa,"S 129th E Ave and E 11th St",0,0,0,0,1,N/A
1943929,"March 3, 2021",Tennessee,Nashville,"River Road Pike and Biggs Rd",1,0,0,0,0,N/A
1943925,"March 3, 2021",Tennessee,Memphis,"Boyd St and St Paul Ave",1,0,0,0,0,N/A
1944755,"March 3, 2021",Ohio,Columbus,"84 Orel Ave",1,0,0,0,0,N/A
1944746,"March 3, 2021",Ohio,Columbus,"199 N Oakley Ave",0,1,0,0,1,N/A
1944715,"March 3, 2021",Tennessee,Murfreesboro,N/A,0,0,0,0,1,N/A
1943913,"March 3, 2021",California,Fresno,"N Friant Rd and E Shepherd Ave",0,0,0,0,2,N/A
1943857,"March 3, 2021",Ohio,Galloway,"1641 Ringfield Dr",1,0,0,0,0,N/A
1944127,"March 3, 2021",Illinois,Chicago,"300 block of W 83rd St",0,1,2,0,0,N/A
1943882,"March 3, 2021",Ohio,Cincinnati,"3012 Section Rd",0,0,0,0,0,N/A
1943854,"March 3, 2021",Ohio,Columbus,"731 Wiltshire Rd",1,0,0,0,0,N/A
1945832,"March 3, 2021","North Carolina",Tarboro,"Panola St and River Rd",0,0,0,0,1,N/A
1943859,"March 3, 2021",Tennessee,Memphis,"W Raines Rd and Archer Dr",0,0,0,0,0,N/A
1949676,"March 3, 2021","South Carolina",Ridgeland,"Hummingbird Dr and Bees Creek Rd",1,0,0,0,1,N/A
1945807,"March 3, 2021",Tennessee,Morristown,"Merchants Green Rd",0,0,0,0,1,N/A
1943838,"March 3, 2021",California,"Los Banos","700 block of Iowa Ave",0,1,0,0,0,N/A
1944599,"March 3, 2021",Florida,Miami,"NW 31st Ave and NW 77th St",1,0,0,0,0,N/A
1944597,"March 3, 2021",Florida,Miami,"NW 2nd Ave and NW 75th St",1,0,0,0,0,N/A
1943826,"March 3, 2021","New York","New York (Manhattan)","2445 Frederick Douglass Blvd",1,0,0,0,0,N/A
1943824,"March 3, 2021",Indiana,Indianapolis,"2862 Doctor M.L.K. Jr St",1,0,0,0,0,N/A
1943822,"March 3, 2021","New York","New York (Manhattan)","1618 Old Broadway",1,0,0,0,0,N/A
1943819,"March 3, 2021","New York","Corona (Queens)","134-25 166th Pl",0,0,0,0,0,N/A
1945698,"March 3, 2021",Texas,Henderson,"1204 US 79 N",0,0,0,0,1,N/A
1944562,"March 3, 2021",Texas,"Fort Worth (Forest Hill)","5000 block of Melinda Dr",0,2,0,0,0,N/A
1944433,"March 3, 2021",Nevada,Sparks,"4th St and Richards Way",0,0,0,0,0,N/A
1945035,"March 3, 2021",Alabama,Daphne,"912 Van Ave",0,0,0,1,0,N/A
1944506,"March 3, 2021",Oklahoma,Miami,N/A,0,0,0,0,0,N/A
1943966,"March 3, 2021",Pennsylvania,Philadelphia,"2200 block of S 69th St",0,1,0,0,0,N/A
1946289,"March 3, 2021",California,Merced,"200 block of R St",1,0,0,0,1,N/A
1944319,"March 3, 2021",California,"South Gate","8000 block of S Gate Ave",0,0,1,0,0,N/A
1943697,"March 3, 2021",Texas,Dallas,"1521 Elk Creek Rd",0,1,0,0,0,N/A
1945543,"March 3, 2021",California,"Ojai (Meiners Oaks)","1900 block of Maricopa Hwy",0,0,0,0,3,N/A
1943719,"March 3, 2021",Connecticut,Waterbury,N/A,0,0,0,0,0,N/A
1943891,"March 3, 2021",Pennsylvania,Philadelphia,"1700 block of Erie Ave",0,1,0,0,0,N/A
1944878,"March 3, 2021",Pennsylvania,Philadelphia,"3000 block of A St",0,1,0,0,0,N/A
1943886,"March 3, 2021",Pennsylvania,Philadelphia,"2700 block of N Warnock St",2,1,0,0,0,N/A
1945283,"March 3, 2021",Michigan,Detroit,"17600 block of Annchester Rd",0,2,0,0,0,N/A
2283327,"March 3, 2021",California,"Yuba City","500 block of Gray Ave",0,1,0,0,3,N/A
1943487,"March 3, 2021",Nevada,"Las Vegas","9200 block of S Park St",0,1,0,1,0,N/A
1943732,"March 3, 2021",Texas,"El Paso","918 McKelligon Dr",0,0,0,0,1,N/A
1944448,"March 3, 2021",Michigan,Kalamazoo,N/A,0,0,0,0,2,N/A
1944439,"March 3, 2021",Michigan,Flint,"1900 block of E Boulevard Dr",1,0,0,0,0,N/A
1943614,"March 3, 2021","North Carolina",Greensboro,"1400 Block of Denim Rd",1,0,0,0,0,N/A
1943625,"March 3, 2021","North Carolina",Thomasville,"Winston St and Arlington Ave",1,0,0,0,1,N/A
1949325,"March 3, 2021",Kansas,Parsons,"1400 block of S 12th St",0,0,0,0,1,N/A
1944081,"March 3, 2021",Mississippi,Gulfport,"3700 block of 19th St",0,1,0,1,0,N/A
1944480,"March 3, 2021",Nevada,"North Las Vegas","3900 block of N Scott Robinson Blvd",0,1,0,0,1,N/A
1943601,"March 3, 2021",Illinois,Chicago,"4200 block of W Maypole Ave",1,0,0,0,0,N/A
1943455,"March 3, 2021",Illinois,Chicago,N/A,1,0,0,0,0,N/A
1944418,"March 3, 2021",Indiana,"Lake Station","I-94 and Central Ave",1,0,0,0,0,N/A
1944421,"March 3, 2021",Missouri,Columbia,"2121 County Dr",0,0,0,0,1,N/A
1943588,"March 3, 2021","North Carolina",Lenoir,"Husbands Creek Rd",0,0,1,0,1,N/A
1944415,"March 3, 2021",Missouri,Springfield,"W Kearney St",1,0,0,0,0,N/A
1943571,"March 3, 2021","North Carolina",Asheville,"Park Lane Ave",0,0,0,0,1,N/A
1944112,"March 3, 2021",Louisiana,"Baton Rouge","Clayton Dr and W Brookstown Dr",1,0,0,0,0,N/A
1944456,"March 3, 2021",Michigan,Detroit,"20500 block of Strasburg St",0,1,0,0,1,N/A
1944411,"March 3, 2021",Alabama,"Mobile (Prichard)","1600 block of Roxy St",0,1,0,0,0,N/A
1944307,"March 3, 2021",Arizona,Kingman,"2600 block of Potter Ave",1,1,0,0,1,N/A
1944389,"March 3, 2021",Maryland,Cumberland,"E Wilson Rd",0,0,0,0,1,N/A
1943832,"March 3, 2021",Indiana,"Terre Haute","138 W Honey Creek Pkwy",0,0,0,0,0,N/A
1944382,"March 3, 2021",Maryland,Laurel,"400 block of Sandy Spring Rd",1,0,0,0,0,N/A
1944370,"March 3, 2021","District of Columbia",Washington,"1300 block of Morris Rd SE",1,0,0,0,0,N/A
1944360,"March 3, 2021","District of Columbia",Washington,"50 block of 35th St NE",0,1,0,0,0,N/A
1943670,"March 3, 2021",Kansas,Wichita,"2400 block of N Sunny Ln",0,1,0,0,1,N/A
1943649,"March 3, 2021","District of Columbia",Washington,"3500 block of Wheeler Rd SE",3,0,0,0,0,N/A
1947203,"March 3, 2021",Texas,"Copperas Cove","1000 block of South 17th St",0,0,0,0,0,N/A
1944046,"March 3, 2021",Florida,"Merritt Island","E Hall Rd",0,1,0,0,5,N/A
1944362,"March 3, 2021","District of Columbia",Washington,"4600 block of S Capitol St SW",2,0,0,0,0,N/A
1944345,"March 3, 2021",Wisconsin,Madison,"1700 block of Lake Point Dr",0,0,0,0,0,N/A
1943864,"March 3, 2021",Ohio,Cincinnati,"3200 block of Morrison Ave",0,1,0,0,3,N/A
1944427,"March 3, 2021",Indiana,Gary,"600 block of W Ridge Rd",1,0,0,0,0,N/A
1943816,"March 3, 2021",Indiana,Muncie,"508 W Centennial Ave",0,0,0,1,1,N/A
1943945,"March 3, 2021",Alabama,Hartselle,"2100 block of Pinehurst Dr",0,1,0,0,1,N/A
1944785,"March 3, 2021",Georgia,Macon,"2560 Rocky Creek Rd",0,1,0,0,2,N/A
1945442,"March 3, 2021",Wisconsin,Onalaska,"Bradys Hwy",0,0,0,0,1,N/A
1944316,"March 3, 2021",Colorado,"Fort Collins","3836 E Mulberry St",1,1,0,0,0,N/A
1944413,"March 3, 2021",Indiana,Valparaiso,"3700 block of Oak Grove Dr",0,1,0,0,1,N/A
1945273,"March 3, 2021",Indiana,Evansville,"500 block of S Bedford Ave",1,0,0,0,0,N/A
1944312,"March 3, 2021",Pennsylvania,Philadelphia,"200 block of Howell St",1,0,0,0,0,N/A
1943464,"March 3, 2021",Connecticut,"West Hartford","N Main St and Fern St",1,0,0,0,0,N/A
1944384,"March 3, 2021",Maryland,"Silver Spring","1000 block of Quebec Terrace",0,1,0,0,0,N/A
1943461,"March 3, 2021",Minnesota,"Saint Paul","600 block of Kansas Ave",1,0,0,0,0,N/A
1944310,"March 3, 2021",Colorado,Aurora,"11951 E Harvard Ave",0,1,0,0,0,N/A
1944302,"March 3, 2021",Missouri,"Saint Louis","2000 block of Adelaide Ave",1,0,0,0,0,N/A
1943450,"March 3, 2021",Arizona,Gilbert,N/A,0,0,0,0,0,N/A
1943448,"March 3, 2021",Illinois,Chicago,"332 W 26th St",1,0,0,0,0,N/A
1944290,"March 3, 2021",Indiana,Fishers,"13800 block of Boulder Canyon Dr",1,0,0,0,0,N/A
1944282,"March 3, 2021",Massachusetts,Springfield,"200 block of White St",0,0,0,0,2,N/A
1943836,"March 3, 2021",California,Fremont,"5700 block of Lemke Pl",1,0,0,0,1,N/A
1943394,"March 3, 2021",Wisconsin,Milwaukee,"N 24th St and W Lloyd St",2,0,0,0,0,N/A
1945191,"March 3, 2021",Florida,Campbellton,"2754 FL-2",1,0,0,0,1,N/A
1943401,"March 3, 2021",Florida,Hollywood,"600 block of Crescent Dr",0,0,0,0,0,N/A
1944249,"March 3, 2021",Texas,Seymour,"3rd St",0,1,0,0,0,N/A
1948254,"March 3, 2021",Florida,Pensacola,"500 E Fairfield Dr",0,0,0,0,1,N/A
1944212,"March 3, 2021",Connecticut,Bridgeport,"451 Bird St",1,0,0,0,0,N/A
1944188,"March 3, 2021",Texas,"San Antonio","2600 block of Quintana Rd",2,0,0,0,1,N/A
1944178,"March 3, 2021",Texas,Houston,"7500 block of Peekskill Ln",1,0,0,0,0,N/A
1950834,"March 3, 2021",Florida,Jacksonville,"Wiltshire St",0,0,0,0,1,N/A
1943352,"March 3, 2021","District of Columbia",Washington,"Eastern Ave",1,0,0,0,0,N/A
1943349,"March 3, 2021","District of Columbia",Washington,"5100 block of Bass Pl SE",1,0,0,0,0,N/A
1948228,"March 3, 2021",Pennsylvania,Philadelphia,"5000 block of Thompson St",1,0,0,0,0,N/A
1948226,"March 3, 2021",Pennsylvania,Philadelphia,"5700 block of Christian St",1,0,0,0,0,N/A
1944155,"March 3, 2021",Massachusetts,Brockton,"87 Colonel Bell Dr",0,0,0,0,1,N/A
1943898,"March 3, 2021",Pennsylvania,Philadelphia,"7200 block of Paschall Ave",1,0,0,0,0,N/A
1944147,"March 3, 2021",Illinois,Chicago,"3700 block of W 51st St",1,0,0,0,0,N/A
1944144,"March 3, 2021",Illinois,Chicago,"300 block of E 116th St",1,0,0,0,0,N/A
1944142,"March 3, 2021",Illinois,Chicago,"1400 block of W 72nd St",1,0,0,0,0,N/A
1944138,"March 3, 2021",Illinois,Chicago,"8300 block of S Green St",1,0,0,0,0,N/A
1946033,"March 3, 2021",Illinois,"Mount Vernon","Waterworks Rd and N 20th St",0,0,0,0,1,N/A
1944121,"March 3, 2021",Washington,Tacoma,"2400 block of S 64th St",1,0,0,0,0,N/A
1946027,"March 3, 2021",Mississippi,Tupelo,"2000 block of Horton St",0,0,0,0,0,N/A
1944104,"March 3, 2021",Mississippi,Starkville,"Henderson St and Pilcher St",0,2,0,0,0,N/A
1946018,"March 3, 2021",Louisiana,Kaplan,"2700 block of N Herpin St",0,0,1,0,0,N/A
1944110,"March 3, 2021",Louisiana,"New Orleans","13200 block of Chef Menteur Hwy",1,0,0,0,0,N/A
1944108,"March 3, 2021",Louisiana,"New Orleans","Burgundy St and Lizardi St",1,0,0,0,0,N/A
1944102,"March 3, 2021",Mississippi,Greenwood,"Nelson St and Wilczinski St",0,1,0,0,0,N/A
1945042,"March 3, 2021",Alabama,Decatur,"1202 Moulton St",1,0,0,0,1,N/A
1945870,"March 3, 2021",Ohio,Middletown,"6800 block of Spring Garden Dr",1,0,0,0,1,N/A
1946628,"March 3, 2021",Louisiana,Sunset,"100 block of Jerry Ln",0,0,0,0,1,N/A
1945023,"March 3, 2021",Alabama,Bessemer,"1208 Clarendon Ave",0,1,0,0,1,N/A
1944075,"March 3, 2021",Mississippi,Jackson,"100 block of O Ferrell Ave",2,0,0,0,0,N/A
1944350,"March 3, 2021","District of Columbia",Washington,"300 Indiana Ave",0,0,0,0,0,N/A
1943943,"March 3, 2021",Alabama,Decatur,"W Moulton St",1,0,0,0,1,N/A
1944991,"March 3, 2021",Alabama,Montgomery,"Mulberry St and E 2nd St",0,0,0,0,0,N/A
1946620,"March 3, 2021",Arkansas,Lepanto,"Alexander St",0,0,0,0,0,N/A
1944985,"March 3, 2021",Arkansas,Conway,"Baker Willis Pkwy and Sturgis Rd",0,0,0,0,1,N/A
1944978,"March 3, 2021","New Jersey",Paterson,"Holsman St and Stout St",2,0,0,0,0,N/A
1944968,"March 3, 2021",California,Hesperia,"Live Oak St",0,1,0,0,1,N/A
1949874,"March 3, 2021",Mississippi,Ellisville,"Bimaka Dr",1,0,0,0,1,N/A
1943986,"March 3, 2021",Pennsylvania,Erie,"2105 Buffalo Rd",3,2,0,0,1,N/A
1944943,"March 3, 2021",Louisiana,"Baton Rouge","4500 block of Sycamore St",1,0,0,0,0,N/A
1944763,"March 3, 2021",Virginia,"Colonial Heights","200 block of Woodbridge Rd",0,0,0,0,1,N/A
1944073,"March 3, 2021","New Jersey",Paterson,"N 6th St and Clinton St",0,1,0,0,1,N/A
1944011,"March 3, 2021",Pennsylvania,Lancaster,"500 block of W King St",2,0,0,0,0,N/A
1944162,"March 3, 2021",Texas,Houston,"7931 Southwest Fwy",1,0,0,1,0,N/A
1944285,"March 3, 2021",Tennessee,Memphis,"2717 Carnes Ave",1,1,0,0,3,N/A
1944115,"March 3, 2021",Louisiana,Shreveport,"Milton St and Exposition Ave",0,1,0,0,0,N/A
1943154,"March 2, 2021",Florida,Naples,"5770 Osceola Trail",0,0,0,0,1,N/A
1943130,"March 2, 2021",Texas,Dallas,"CF Hawn Fwy",0,1,0,0,0,N/A
1982071,"March 2, 2021",Alabama,Sylacauga,"514 W Ft Williams St",0,0,0,0,1,N/A
1943094,"March 2, 2021",Kentucky,Louisville,"400 block of N 28th St",1,0,0,0,0,N/A
1947212,"March 2, 2021",Texas,Killeen,"N 38th St and Lake Charles Ave",1,0,0,0,0,N/A
1947206,"March 2, 2021",Texas,Killeen,N/A,1,0,0,0,1,N/A
1943392,"March 2, 2021",Arizona,Tucson,"4000 W Massingale Rd",1,0,0,0,1,N/A
1943491,"March 2, 2021",Georgia,Savannah,"Eishenhower Dr and Sallie Mood Dr",1,1,0,0,1,N/A
1955406,"March 2, 2021",California,"Costa Mesa","2000 block of Harbor Blvd",1,0,0,0,0,N/A
1943050,"March 2, 2021",Texas,Dallas,"2015 Market Center Blvd",1,0,0,0,0,N/A
1943916,"March 2, 2021",California,"Redwood City","400 block of Fifth Ave",0,1,0,0,0,N/A
1942547,"March 2, 2021",Connecticut,Bridgeport,"451 Bird St",1,0,0,0,0,N/A
1943883,"March 2, 2021",Virginia,"Ashburn (Broadlands)","Demott Dr",1,0,0,0,0,N/A
1970396,"March 2, 2021",Alabama,Decatur,"1000 block of 6th Ave SW",0,0,0,0,1,N/A
1942962,"March 2, 2021","New York",Brooklyn,"E 98th St and East New York Ave",1,0,0,0,0,N/A
1945677,"March 2, 2021","South Carolina",Longs,"Radius Rd",0,1,0,0,1,N/A
1942553,"March 2, 2021",Illinois,Chicago,"7027 S Merrill Ave",0,1,0,0,0,N/A
1942995,"March 2, 2021",Illinois,Chicago,"700 block of N Drake Ave",1,0,0,0,0,N/A
1943828,"March 2, 2021","New York","Staten Island","57 Confederation Pl",0,0,0,0,0,N/A
1944610,"March 2, 2021",Texas,Houston,"10201 Telephone Rd",2,0,0,0,0,N/A
1943102,"March 2, 2021",Texas,Houston,"11100 block of Cayman Mist Dr",0,2,0,0,1,N/A
1942977,"March 2, 2021","New York",Southampton,"26 Long Springs Rd",3,0,0,0,0,N/A
1942954,"March 2, 2021","North Carolina",Nashville,"5900 block of Maggie Rd",1,0,0,0,0,N/A
1942947,"March 2, 2021","North Carolina",Charlotte,"6100 block of E Independence Blvd",1,0,0,0,0,N/A
1942944,"March 2, 2021",Ohio,Portsmouth,"2535 Gallia St",0,0,0,0,2,N/A
1965243,"March 2, 2021",Texas,"San Antonio","10040 Espada Rd",0,0,0,0,0,N/A
1943032,"March 2, 2021",Alabama,Birmingham,"I-65 and 4th Ave S",2,0,0,0,0,N/A
1960539,"March 2, 2021",Tennessee,Nashville,"Murfreesboro Pike and Bell Rd",0,0,0,0,0,N/A
1942888,"March 2, 2021","South Carolina","Moncks Corner","Shannonwood Dr",1,0,0,0,2,N/A
1945591,"March 2, 2021",Tennessee,Cosby,"Keener Rd",0,0,0,0,1,N/A
1942877,"March 2, 2021",Tennessee,Hampton,US-321,1,0,0,0,1,N/A
1943771,"March 2, 2021",Texas,Houston,"6000 block of the Southwest Fwy",0,1,0,0,0,N/A
1942871,"March 2, 2021",Tennessee,Knoxville,"944 Piney Grove Church Rd",1,0,0,0,0,N/A
1942313,"March 2, 2021",Georgia,Columbus,"2112 Floyd Rd",0,2,0,0,1,N/A
1943016,"March 2, 2021",Arizona,Phoenix,"N 31st Dr and W Northern Ave",1,0,0,1,0,N/A
1942852,"March 2, 2021",Georgia,Macon,"4734 Chambers Rd",0,0,0,0,0,N/A
1943707,"March 2, 2021",Texas,Dallas,"9200 block of LBJ Fwy",1,0,0,0,0,N/A
1944517,"March 2, 2021",Texas,Happy,"FM 1705 and W Dowlen Rd",0,1,0,0,1,N/A
1944487,"March 2, 2021",Tennessee,Jackson,"Sequoia Dr",0,0,0,0,2,N/A
1942835,"March 2, 2021",California,Tulare,"1100 N Cherry St",1,0,0,0,0,N/A
1942721,"March 2, 2021",California,"Los Angeles (Hollywood)","Sunset Blvd and Orange Dr",0,1,0,0,1,N/A
1943567,"March 2, 2021",Colorado,Peyton,"5700 block of N Curtis Rd",1,1,0,1,0,N/A
1943312,"March 2, 2021",Indiana,"Terre Haute","400 S 3rd St",1,0,0,0,1,N/A
1978291,"March 2, 2021",Oregon,Eugene,"84000 block of Territorial Hwy",0,0,0,0,1,N/A
1942804,"March 2, 2021",Georgia,Atlanta,"62 Harwell Rd",1,0,0,0,0,N/A
1942768,"March 2, 2021",Oklahoma,Tulsa,"2488 E 81st St",0,0,1,0,0,N/A
1943068,"March 2, 2021",Illinois,Chicago,"5702 W Grace St",1,0,0,0,0,N/A
1945465,"March 2, 2021",Georgia,Winder,"Beech Creek Cir",0,0,0,2,2,N/A
1945450,"March 2, 2021",Wisconsin,Racine,"Three Mile Rd and Erie St",1,0,0,0,1,N/A
1943599,"March 2, 2021",Illinois,Chicago,"700 block of W Maxwell St",1,0,0,0,0,N/A
1943611,"March 2, 2021","North Carolina",Greensboro,"3800 block of Mizell Rd",0,1,0,0,1,N/A
1942901,"March 2, 2021","New Hampshire",Barrington,"Cortland Way",0,0,0,1,0,N/A
1943585,"March 2, 2021",Colorado,"Grand Junction","711 Independent Ave",1,0,0,0,0,N/A
1943582,"March 2, 2021","South Carolina","Rock Hill","1235 Springdale Rd",0,2,0,0,0,N/A
1943579,"March 2, 2021","North Carolina",Pembroke,"W Third St",1,0,0,0,0,N/A
1943303,"March 2, 2021",Indiana,Gary,"2157 Vermont St",0,1,0,0,1,N/A
1943243,"March 2, 2021",Missouri,"Saint Louis","7300 block of Burrwood Dr",1,0,0,1,0,N/A
1946200,"March 2, 2021",Indiana,"New Albany","Wayne St",0,1,0,0,1,N/A
1944386,"March 2, 2021",Maryland,"Glen Burnie","Crain Hwy and Hospital Dr",0,0,0,0,0,N/A
1942672,"March 2, 2021",Maryland,Waldorf,"2895 Crain Hwy",0,0,0,0,0,N/A
1942665,"March 2, 2021",Maryland,Baltimore,"1600 block of Mount Royal Ave",1,0,0,0,0,N/A
1962816,"March 2, 2021",Minnesota,"Minneapolis (Coon Rapids)","10700 block of Hanson Blvd NW",0,0,0,0,1,N/A
1942648,"March 2, 2021","District of Columbia",Washington,"4200 block of Nannie Helen Burroughs Ave NE",1,0,0,0,0,N/A
1943514,"March 2, 2021",Michigan,Hamtramck,"3810 E McNichols Rd",1,0,0,0,0,N/A
1943367,"March 2, 2021",Wisconsin,Nekoosa,"100 Cranmoor Rd",1,0,0,0,1,N/A
1943185,"March 2, 2021",Texas,Temple,"Martin Luther King Jr Dr and S 24th St",0,1,0,0,1,N/A
1944347,"March 2, 2021",Kansas,Topeka,N/A,1,0,0,0,0,N/A
1944322,"March 2, 2021",Illinois,Carbondale,"600 block of W Cherry St",0,0,0,0,0,N/A
1943474,"March 2, 2021",Michigan,Flint,"E Boulevard Dr and E Pierson Rd",1,0,0,0,0,N/A
1943840,"March 2, 2021",Kentucky,Somerset,"Ringgold Rd",1,0,0,0,1,N/A
1945294,"March 2, 2021",Indiana,Evansville,"500 block of S Denby Ave",1,0,0,0,0,N/A
1946137,"March 2, 2021",Georgia,Atlanta,"521 Hank Aaron Dr SW",0,0,0,0,1,N/A
1943466,"March 2, 2021",Minnesota,Rochester,"2106 Valleyhigh Dr NW",0,0,0,0,1,N/A
1949236,"March 2, 2021",Florida,Tavares,"1000 block of Caroline St",0,0,0,0,1,N/A
1943453,"March 2, 2021",Minnesota,Minneapolis,"1835 Larpenteur Ave E",1,0,0,0,0,N/A
1943440,"March 2, 2021",Florida,Tampa,"10610 N 30th St",0,1,0,0,1,N/A
1943043,"March 2, 2021",Nevada,Reno,"2200 block of S Virginia St",0,1,0,0,1,N/A
1942586,"March 2, 2021",Florida,Homestead,"13256 Old Biscayne Dr",0,1,1,0,1,N/A
1943406,"March 2, 2021",Wisconsin,Milwaukee,"3700 block of W North Ave",2,0,0,0,0,N/A
1942750,"March 2, 2021",Massachusetts,Springfield,"Hope St",0,0,0,0,3,N/A
1944226,"March 2, 2021",Texas,Victoria,"6000 block of N Navarro St",0,0,1,0,0,N/A
1942474,"March 2, 2021",Massachusetts,Cambridge,"Fifth St and Spring St",1,0,0,0,0,N/A
1943381,"March 2, 2021",Pennsylvania,Philadelphia,"2800 block of N Park Ave",2,0,0,0,0,N/A
1946711,"March 2, 2021",Illinois,"South Holland","1000 block of E 59th Pl",0,1,0,0,0,N/A
1943375,"March 2, 2021",California,Oakland,"2100 block of International Blvd",0,1,0,0,0,N/A
1943373,"March 2, 2021",Maryland,Catonsville,"6422 Baltimore National Pike",1,0,0,0,0,N/A
1942400,"March 2, 2021",Pennsylvania,Pittsburgh,"73 E Carson St",0,1,0,0,0,N/A
1943351,"March 2, 2021",Maryland,Dunkirk,"11400 block of Diantha Ct",1,1,0,0,0,N/A
1944167,"March 2, 2021",Massachusetts,Springfield,N/A,0,0,0,0,1,N/A
1942654,"March 2, 2021","District of Columbia",Washington,"400 block of Chesapeake St SE",1,0,0,0,0,N/A
2004652,"March 2, 2021",Florida,Ocala,"1000 Block of NW 68th Place",1,0,0,0,3,N/A
1943773,"March 2, 2021",Texas,Houston,"12098 Gulf Fwy",1,0,0,0,0,N/A
1944052,"March 2, 2021",Washington,Seattle,"14300 block of Midvale Ave N",0,1,0,0,0,N/A
1944123,"March 2, 2021",Oregon,Hillsboro,"7351 NE Butler St",0,1,0,0,0,N/A
1943344,"March 2, 2021","New Jersey","Jersey City","Garfield Ave and Danforth Ave",1,0,0,0,0,N/A
1943335,"March 2, 2021",Alabama,Decatur,"1200 block of Dodd Dr",1,0,0,0,0,N/A
1943319,"March 2, 2021",Louisiana,"Baton Rouge","7900 block of Picardy Ave",1,0,0,1,0,N/A
1945953,"March 2, 2021",Arkansas,"West Helena","N 6th St and E Garland Ave",1,0,0,0,1,N/A
1964046,"March 2, 2021",Mississippi,Greenwood,"3017 US-82",0,1,0,0,0,N/A
1944094,"March 2, 2021",Montana,Ronan,"Beaverhead Dr and Chief Eagle Ln",0,0,1,0,1,N/A
1944088,"March 2, 2021",Mississippi,"Yazoo City","Willie Brown St",0,1,0,0,2,N/A
1943115,"March 2, 2021",Ohio,Toledo,"2100 block of W Central Ave",0,1,0,0,0,N/A
1943267,"March 2, 2021",Pennsylvania,Johnstown,"300 block of Oak St",0,0,0,0,0,N/A
1949879,"March 2, 2021",Mississippi,Tupelo,"S Foster Dr and Main St",0,0,0,0,0,N/A
1943332,"March 2, 2021",Alabama,Mobile,"700 block of Marine St",1,0,0,0,1,N/A
1943264,"March 2, 2021",Pennsylvania,Renovo,"800 block of Ontario Ave",0,0,0,0,1,N/A
1944035,"March 2, 2021","New York",Troy,"6th Ave and 102nd St",0,0,0,0,0,N/A
1943951,"March 2, 2021",Pennsylvania,York,"400 block of E Philadelphia St",1,0,0,0,0,N/A
1944014,"March 2, 2021","New York",Syracuse,N/A,0,0,0,0,4,N/A
1947274,"March 2, 2021","New York",Poughkeepsie,"Cannon St",0,0,0,0,1,N/A
1943179,"March 2, 2021",Florida,Tampa,"20100 block of Weeping Laurel Pl",0,0,1,0,0,N/A
1942218,"March 1, 2021",Texas,Houston,"2400 block of Arbor St",0,1,0,0,0,N/A
1943142,"March 1, 2021",Texas,Childress,US-287,0,0,0,1,0,N/A
1945763,"March 1, 2021",Missouri,Warsaw,US-65,0,2,0,1,0,N/A
1943953,"March 1, 2021","New York",Ithaca,"400 block of S Meadow St",1,0,0,0,0,N/A
1976865,"March 1, 2021",Oregon,"Portland (Milwaukie)","1700 block of Oak Shore Ln",0,1,0,0,1,N/A
1944782,"March 1, 2021","New York",Ontario,"6076 Ontario Center Rd",1,0,0,0,1,N/A
1942100,"March 1, 2021",California,Modesto,"500 block of Kansas Ave",2,0,0,0,0,N/A
1942214,"March 1, 2021",Texas,Houston,"12121 Richmond Ave",1,0,0,1,0,N/A
1943070,"March 1, 2021",Texas,Houston,"116 E Edgebrook Dr",1,0,0,0,0,N/A
1943921,"March 1, 2021",Arizona,Yarnell,AZ-89,0,0,0,0,1,N/A
1947189,"March 1, 2021",Texas,Denton,"3100 block of Teasley Ln",0,0,0,0,1,N/A
1978499,"March 1, 2021",Washington,Vancouver,N/A,0,0,0,0,1,N/A
1942059,"March 1, 2021",Texas,"El Paso","7200 block of Doniphan Dr",0,0,0,0,1,N/A
1943109,"March 1, 2021",Texas,Dallas,"4931 Terry St",0,1,0,0,1,N/A
1943047,"March 1, 2021",Nevada,"Las Vegas","3303 S Jones Blvd",0,0,1,0,0,N/A
1942333,"March 1, 2021",Ohio,Zanesville,"707 Bates St",1,0,0,0,1,N/A
1941740,"March 1, 2021","South Carolina",Duncan,"255 Frontage Rd",0,0,0,1,0,N/A
1944689,"March 1, 2021",Georgia,Albany,"Brierwood Ct",1,0,0,0,1,N/A
1942112,"March 1, 2021",Texas,"San Antonio","1200 block of Pleasanton Rd",1,0,0,0,1,N/A
1946488,"March 1, 2021","New Jersey",Deptford,"1276 Clements Bridge Rd",1,0,0,0,2,N/A
1943106,"March 1, 2021",Ohio,Euclid,"200 block of E 276th St",0,1,0,0,0,N/A
1942467,"March 1, 2021",Iowa,"Des Moines","1300 block of 13th St",1,0,0,0,5,N/A
1958780,"March 1, 2021","New York",Kingston,"Railroad Ave",0,0,0,0,0,N/A
1945810,"March 1, 2021",Illinois,Champaign,"3600 block of Boulder Ridge Dr",0,0,0,0,1,N/A
1941904,"March 1, 2021",Illinois,Chicago,"5710 W 64th Pl",1,0,0,0,0,N/A
1942018,"March 1, 2021",Virginia,Hampton,"2000 block of Newton Rd",0,0,0,0,1,N/A
1942578,"March 1, 2021",Illinois,Chicago,"358 W 86th St",1,0,0,0,0,N/A
1942969,"March 1, 2021","New York","Staten Island","336 Jersey St",1,0,0,0,0,N/A
1949656,"March 1, 2021",Georgia,Covington,"Sagebrush Trail",0,0,0,0,0,N/A
1942966,"March 1, 2021","New York","New York (Manhattan)","1999 1st Ave",0,0,0,0,0,N/A
1942965,"March 1, 2021","New York","New York (Manhattan)","549 Isham St",0,0,0,0,0,N/A
1941971,"March 1, 2021",Michigan,Hamtramck,"Lumpkin St and Belmont St",1,0,0,0,0,N/A
1942942,"March 1, 2021","North Carolina",Denver,"187 Cross Center Rd",0,0,0,0,0,N/A
1942940,"March 1, 2021","North Carolina",Marion,"Icemorlee St",1,0,0,0,0,N/A
1941965,"March 1, 2021",Michigan,Detroit,"Gratiot Ave and Bringard Dr",1,0,0,0,0,N/A
1942930,"March 1, 2021","North Carolina",Monroe,"Maurice St",0,1,0,0,0,N/A
1942920,"March 1, 2021",Ohio,Portsmouth,"100 block of Dunlap Rd",0,0,1,0,1,N/A
1941963,"March 1, 2021",Michigan,Detroit,"19320 Greenfield Rd",1,0,0,0,0,N/A
1941961,"March 1, 2021",Michigan,Detroit,"8 Mile Rd and Hoover St",1,0,0,0,0,N/A
1941712,"March 1, 2021","South Carolina","North Charleston","Ashley Phosphate Rd and Patriot Blvd",0,0,0,0,1,N/A
1942754,"March 1, 2021",Virginia,Suffolk,"300 block of S Main St",2,0,0,0,0,N/A
1942002,"March 1, 2021",Virginia,Richmond,"2200 block of N 26th St",0,1,0,0,1,N/A
1941933,"March 1, 2021","New York","New York (Manhattan)","W 104th St and Columbus Ave",1,0,0,0,0,N/A
1942461,"March 1, 2021",Ohio,Toledo,"1500 block of Nevada St",0,2,0,0,3,N/A
1942862,"March 1, 2021",Georgia,Savannah,"Waters Ave and E Bolton St",0,0,0,0,0,N/A
1941917,"March 1, 2021",Maryland,Baltimore,"3400 block of 6th St",1,0,0,0,0,N/A
1941796,"March 1, 2021",Nevada,"Las Vegas","N Lamb Blvd and E Cecile Ave",0,0,1,0,0,N/A
1942857,"March 1, 2021",Michigan,Detroit,"1316 E Jefferson Ave",0,0,0,1,0,N/A
1942056,"March 1, 2021",Kentucky,Lexington,"100 block of Rand Ave",1,0,0,0,1,N/A
1941653,"March 1, 2021",Arkansas,"Pine Bluff","4000 S Camden Rd",0,1,0,0,1,N/A
1942150,"March 1, 2021",Virginia,Suffolk,"400 block of Wilson St",1,0,0,0,0,N/A
1942843,"March 1, 2021",California,Fresno,"W Hawes Ave and S Arthur Ave",1,0,0,0,0,N/A
1942826,"March 1, 2021",California,Oakland,"105th Ave and Graffian St",1,0,0,0,0,N/A
1942820,"March 1, 2021",California,Oakland,"82nd Ave and MacArthur Blvd",1,0,0,0,0,N/A
1942738,"March 1, 2021",California,"Los Angeles","Drew St and West Ave 32",1,1,0,0,0,N/A
1942788,"March 1, 2021",Michigan,Niles,"1265 S 11th St",2,0,0,0,0,N/A
1942785,"March 1, 2021",Michigan,Jackson,"1850 W Michigan Ave",0,0,0,0,0,N/A
1942781,"March 1, 2021",Georgia,Atlanta,"2914 Memorial Dr SE",2,0,0,0,1,N/A
1941877,"March 1, 2021",California,Fresno,"San Pablo Ave and McKinley Ave",1,0,0,0,0,N/A
1942766,"March 1, 2021",California,Bakersfield,"1200 block of E White Lane",0,0,0,0,1,N/A
1942162,"March 1, 2021",California,Concord,"1100 Concord Ave",0,1,0,0,0,N/A
1942757,"March 1, 2021",California,Bakersfield,"800 block of Pacheco Rd",1,0,0,0,1,N/A
1978253,"March 1, 2021",Connecticut,Bridgeport,"E Main St",0,0,0,0,1,N/A
1943616,"March 1, 2021",Illinois,Chicago,"1200 block of W North Ave",0,0,0,0,0,N/A
1942741,"March 1, 2021",Oklahoma,Tulsa,"3608 N Quaker Ave",1,0,0,0,0,N/A
1941866,"March 1, 2021",California,Fresno,"Willow Ave and Kings Canyon Rd",0,1,0,0,0,N/A
1942743,"March 1, 2021",Oklahoma,Tulsa,"3221 E 30th Pl",0,0,0,0,0,N/A
1942568,"March 1, 2021",Illinois,"North Chicago","5 Prairie View Ct",0,1,0,0,1,N/A
1942736,"March 1, 2021",California,"Los Angeles",I-110,1,0,0,0,0,N/A
1942374,"March 1, 2021",Louisiana,"New Orleans","1400 block of Jourdan Ave",1,0,0,0,0,N/A
1942030,"March 1, 2021",Maryland,"Glen Burnie","7520 Baleen Ct",0,1,0,0,1,N/A
1955050,"March 1, 2021",Oklahoma,"Grady (county)",N/A,0,0,0,0,1,N/A
1942714,"March 1, 2021",Maryland,"Windsor Mill","50 block of Otley Ct",1,0,0,0,0,N/A
1973027,"March 1, 2021",Colorado,Westminster,"13500 block of Raritan Way",0,0,0,1,0,N/A
1942712,"March 1, 2021",Maryland,Baltimore,"3000 block of E Preston St",1,0,0,0,0,N/A
1942596,"March 1, 2021",Connecticut,Middletown,N/A,0,1,1,0,1,N/A
1942697,"March 1, 2021",Nebraska,Omaha,"N 24th St and Pratt St",1,0,0,0,0,N/A
1941791,"March 1, 2021","South Carolina","York (county)",N/A,0,0,0,0,1,N/A
1941787,"March 1, 2021",Maryland,Baltimore,"2400 block of Seamon Ave",1,0,0,0,0,N/A
1941772,"March 1, 2021",Delaware,Wilmington,"W 26th St and Northeast Blvd",1,0,0,0,0,N/A
1942559,"March 1, 2021",Illinois,Chicago,"100 block of W 127th St",1,1,0,0,0,N/A
1941768,"March 1, 2021","South Carolina",Greenwood,"Watson St",1,0,0,0,0,N/A
1941761,"March 1, 2021",Maryland,"District Heights","Pemberell Pl and Seton Way",0,0,0,0,0,N/A
1942639,"March 1, 2021","District of Columbia",Washington,"3700 block of Jamison St NE",1,0,0,0,0,N/A
1941736,"March 1, 2021",Florida,Sebring,"Howard St and Rainbow Ave",0,0,0,0,0,N/A
1942623,"March 1, 2021",Florida,Tampa,"8100 Block of N Brooks St",0,2,0,0,0,N/A
1942812,"March 1, 2021",Georgia,Bishop,"1200 Block of Riverwalk Rd",1,1,0,0,1,N/A
1941908,"March 1, 2021","North Carolina",Greenville,"US-264 and Staton Rd",0,1,0,0,2,N/A
1941606,"March 1, 2021",Indiana,"South Bend","1500 block of Liston St",0,1,0,0,1,N/A
1942028,"March 1, 2021",Maryland,Baltimore,"2000 block of St Cloud Ave",1,0,0,0,1,N/A
1941691,"March 1, 2021",Georgia,Savannah,"101 Fenwick Village Dr",0,0,1,0,1,N/A
1941575,"March 1, 2021",Indiana,Indianapolis,"4000 block of Cordell St",0,2,0,0,0,N/A
1943316,"March 1, 2021",Louisiana,"New Orleans","5000 block of Old Gentilly Rd",1,0,0,0,0,N/A
1942576,"March 1, 2021",Connecticut,Norwich,"165 Prospect St",0,0,0,0,1,N/A
1941995,"March 1, 2021",Wisconsin,Milwaukee,"3900 block of N 23rd St",1,1,0,0,1,N/A
1943013,"March 1, 2021",Arizona,Phoenix,"N 35th Ave and W Dunlap Ave",0,0,0,0,1,N/A
1941868,"March 1, 2021","New Hampshire",Manchester,"Prospect St",0,0,0,0,1,N/A
1943008,"March 1, 2021",Arizona,Phoenix,"4352 E McDowell Rd",0,1,0,0,0,N/A
1942716,"March 1, 2021",California,Belmont,"2400 block of Carlmont Dr",0,1,0,1,0,N/A
1944255,"March 1, 2021","New Mexico",Taos,"Salazar Rd",0,1,0,0,1,N/A
1947486,"March 1, 2021",Georgia,Hull,"Hannah Heights Way",0,0,0,0,0,N/A
1943390,"March 1, 2021",Massachusetts,Ludlow,"Sewall St",0,0,0,0,1,N/A
1945169,"March 1, 2021",Texas,"Big Spring",N/A,0,0,0,0,0,N/A
1942477,"March 1, 2021",Missouri,"Kansas City","Anderson Ave and Norton Ave",0,2,0,0,0,N/A
1942147,"March 1, 2021",Kentucky,Louisville,"4200 block of Vermont Ave",1,0,0,0,0,N/A
1941528,"March 1, 2021",Florida,Jacksonville,"1553 Lane Ave S",1,0,0,0,2,N/A
1942469,"March 1, 2021",Alabama,Bessemer,"3115 18th Ave N",1,0,0,0,0,N/A
1941967,"March 1, 2021",Michigan,Detroit,"8500 block of Quincy St",0,1,0,0,0,N/A
1948230,"March 1, 2021",Pennsylvania,Philadelphia,"3000 block of Kensington Ave",1,0,0,0,0,N/A
1942446,"March 1, 2021",Oregon,Portland,"NE Alberta St and NE 55th Ave",0,2,0,0,0,N/A
1942456,"March 1, 2021",Washington,Renton,"N 4th St",0,1,0,0,1,N/A
1942408,"March 1, 2021","New Jersey",Elizabeth,"370 Morris Ave",0,0,0,0,0,N/A
1943337,"March 1, 2021","New Jersey","Atlantic City","50 block of S Florida Ave",1,1,0,0,0,N/A
1943329,"March 1, 2021",Louisiana,Minden,"600 block of Country Club Cir",0,1,0,1,0,N/A
1942380,"March 1, 2021",Louisiana,"Baton Rouge","5800 block of St Katherine Ave",2,0,0,0,0,N/A
1942378,"March 1, 2021",Louisiana,"Baton Rouge","2112 N Foster Dr",1,0,0,0,0,N/A
1942376,"March 1, 2021",Louisiana,"New Orleans","6800 block of Mayo Blvd",0,1,0,0,0,N/A
1942362,"March 1, 2021",Louisiana,"New Orleans","2400 block of Mazant St",1,0,0,0,0,N/A
1941564,"March 1, 2021",Illinois,Chicago,"850 W Addison St",0,1,0,0,0,N/A
1943198,"March 1, 2021",Mississippi,Verona,"E 10th St",0,1,0,0,1,N/A
1943298,"March 1, 2021",Indiana,Evansville,"1100 block of S Linwood Ave",1,0,0,0,1,N/A
1942343,"March 1, 2021",Arkansas,Ozark,"Adams Rd",0,0,0,1,0,N/A
1943293,"March 1, 2021",California,"San Diego","First Ave and Harbor Dr",0,0,0,0,1,N/A
1942699,"March 1, 2021",Nebraska,Omaha,"3445 N 106th Plaza",1,0,0,0,2,N/A
1943240,"March 1, 2021",Mississippi,Jackson,"400 block of Knobhill Dr",0,1,0,0,1,N/A
1944431,"March 1, 2021",Nebraska,Lincoln,"4255 N 20th St",0,1,0,0,3,N/A
1942419,"March 1, 2021","North Dakota",Fargo,"E Gateway Cir S",0,0,0,0,1,N/A
1943269,"March 1, 2021",Pennsylvania,Reading,"700 block of Moss St",1,0,0,0,0,N/A
1943276,"March 1, 2021",Pennsylvania,"Wilkes Barre","28 Wyoming St",0,0,0,0,0,N/A
1944059,"March 1, 2021",Iowa,Dubuque,"65 Burns St",0,0,0,0,1,N/A
1942286,"March 1, 2021",Texas,Mckinney,"Ridge Rd",0,0,0,0,1,N/A
1943236,"March 1, 2021",California,"San Francisco","3rd St and Yosemite Ave",1,0,0,0,0,N/A
1947311,"March 1, 2021",Texas,Conroe,"3710 FM 1488",0,0,0,0,0,N/A
1942321,"March 1, 2021",Ohio,Columbus,"1982 Maryland Ave",1,0,0,0,0,N/A
1942143,"March 1, 2021","West Virginia","Charleston (Sissonville)","200 block of Whitetail Ln",0,1,0,0,1,N/A
1942957,"March 1, 2021","New York","New York (Manhattan)","60 Lafayette St",0,1,0,0,0,N/A
1943869,"March 1, 2021",Tennessee,Pulaski,"Cedar Hurst Ln",1,0,0,0,1,N/A
1943216,"March 1, 2021","New York",Buffalo,"500 block of Hertel Ave",0,1,0,0,0,N/A
1944883,"March 1, 2021",California,"San Diego","Encino Ave",0,0,1,0,1,N/A
1943994,"March 1, 2021",Alabama,Birmingham,"401 Lawson Rd",1,0,0,0,0,N/A